<?xml version="1.0" encoding="UTF-8"?>
<taskDefinition id="generic_http" name="Generic HTTP" schema_version="1.0" version="1">
  <author>support@kineticdata.com</author>
  <description>A generic HTTP handler.</description>
  <helpurl></helpurl>
  <visible>true</visible>
  <deferrable>false</deferrable>
  <parameters>
    <parameter id="error_handling" label="Error Handling" required="true" tooltip="Determine what to return if an error is encountered." menu="Error Message,Raise Error">Error Message</parameter>
    <parameter id="method" label="Method" required="true" menu="GET,POST,PUT,PATCH,DELETE" tooltip="GET,POST,PUT,PATCH,DELETE (Defaults to GET)">GET</parameter>
    <parameter id="url" label="URL" required="true" tooltip="Example: http://www.yahoo.com"></parameter>
    <parameter id="body" label="Body" required="false" tooltip="Body if applicable (POST,PUT,PATCH)"></parameter>
    <parameter id="content_type" label="Content Type" required="false" tooltip="Content Type of the Body if applicable (POST,PUT,PATCH). Use application/json for JSON content, or application/x-www-form-urlencoded for HTML forms."></parameter>
  </parameters>

  <handler name="generic_http" version="1">
    <infos>
      <info name="enable_debug_logging">&lt;%= @info["enable_debug_logging"] %&gt;</info>
    </infos>
    <parameters>
      <parameter name="error_handling">&lt;%= @parameters["error_handling"] %&gt;</parameter>
      <parameter name="method">&lt;%= @parameters["method"] %&gt;</parameter>
      <parameter name="url">&lt;%= @parameters["url"] %&gt;</parameter>
      <parameter name="body">&lt;%= @parameters["body"] %&gt;</parameter>
      <parameter name="content_type">&lt;%= @parameters["content_type"] %&gt;</parameter>
    </parameters>
  </handler>
  <results format="xml">
    <result name="Response Body"/>
    <result name="Response Code"/>
    <result name="Handler Error Message"/>
  </results>
</taskDefinition>